pos,Gem
posY,GemY
stone,Cedar
Radius,Wither
stoneRadius,CedarWither
delay,Widen
Time,User
delayTime,WidenUser
move,Deco
moveTime,DecoUser
moving,Resort
Flog,Line
movingFlog,ResortLine
Seq,Mow
movingSeq,ResortMow
Newrove,Plateau
Oldtop,Reveal
Slot,Tune
Obstruction,Seriousness
Slot_Obstruction,Tune_Seriousness
Slot_Obstruction_1,Tune_Seriousness_1
Slot_Obstruction_2,Tune_Seriousness_2
Bottom,Beggar
Slot_Bottom_1,Tune_Beggar_1
Top,Car
SlotTop,TuneCar
Plane,Apace
Image,Paris
Arrow,Badly
Pusher,Period
mat,Sex
Pusher_mat,Period_Sex
Bottom_mat,Beggar_Sex
Hold,Size
Hold_mat,Size_Sex
material,Surprise
Id,It
materialId,SurpriseIt
scroll,Handle
Speed,Guest
scrollSpeedX,HandleGuestX
scrollSpeedY,HandleGuestY
rend,Glow
boxgroup,Solidify
Need,Earn
Delete,People
NeedDelete,EarnPeople
is,Go
Test,Folk
isTest,GoFolk
Keys,Exam
CHANNEL,CHANNEL
ID,ID
CHANNEL_ID,CHANNEL_ID
url,Eye
Scheme,Offend
urlScheme,EyeOffend
pool,Pray
prefab,Mosaic
Parent,Rattle
prefabParent,MosaicRattle
object,Anchor
Name,Step
objectName,AnchorStep
hand,Tone
Img,Ray
handImg,ToneRay
step,Loam
Btn,Oak
step1Btn,Loam1Oak
step2Btn,Loam2Oak
step3Btn,Loam3Oak
step4Btn,Loam4Oak
cash,Jolt
Mask,Past
Obj,Cry
cashMaskObj,JoltPastCry
gold,Rift
goldImg,RiftRay
cashImg,JoltRay
amazon,Sprawl
amazonImg,SprawlRay
roll,Scan
Cash,Gust
rollCashImg,ScanGustRay
reward,Burrow
Num,Sod
Text,Afar
rewardNumText,BurrowSodAfar
Type,Rear
rewardType,BurrowRear
rewardNum,BurrowSod
Init,Nose
Group,Check
InitGroup,NoseCheck
template,Sailfish
Multi,Folly
Object,Freeze
templateMultiObject,SailfishFollyFreeze
item,Slat
Width,Stark
itemWidth,SlatStark
progress,Referent
progressImg,ReferentRay
fever,Rarer
Limit,Crude
feverLimit,RarerCrude
feverTime,RarerUser
current,Chronic
currentTime,ChronicUser
Ball,Name
currentBall,ChronicName
Fever,Craft
isFeverTime,GoCraftUser
start,Juicy
startCash,JuicyGust
end,Log
endCash,LogGust
pass,Yawn
passFeverTime,YawnCraftUser
push,Hard
pushObj,HardCry
slot,Wind
slotObj,WindCry
game,Down
Lock,Clue
gameLock,DownClue
isLock,GoClue
skill,Exist
Wall,Peep
skillWall,ExistPeep
Long,Keep
skillLong,ExistKeep
Coin,Deal
cashCoinObj,JoltDealCry
skillLongText,ExistKeepAfar
skillWallText,ExistPeepAfar
slotNumText,WindSodAfar
cashCoinNumText,JoltDealSodAfar
skillWallTime,ExistPeepUser
skillLongTime,ExistKeepUser
cashCoinTime,JoltDealUser
Flag,Holy
slotFlag,WindHoly
currentBallNum,ChronicNameSod
ball,Soil
ballLimit,SoilCrude
multiball,Inclusion
Cd,Up
multiballCd,InclusionUp
passFlag,YawnHoly
cd,He
cdTime,HeUser
steel,Farce
steelBallLock,FarceNameClue
coin,Spar
Pagoda,Cooper
Perfab,Either
coinPagodaPerfab,SparCooperEither
block,Ample
Action,Hopper
blockAction,AmpleHopper
First,Moral
isFirst,GoMoral
fx,No
Poolgroup,Magnitude
fx_Poolgroup,No_Magnitude
fx_Poolgroup_1,No_Magnitude_1
text,Need
text_Poolgroup,Need_Magnitude
Box,Wed
slotBox,WindWed
skillWallGroup,ExistPeepCheck
Creater,Imagery
ballCreater,SoilImagery
pushSeq,HardMow
slotBoxSeq,WindWedMow
normal,Weaken
normalLong,WeakenKeep
add,Mob
addLong,MobKeep
Move,Jean
pushMoveTime,HardJeanUser
Interval,Chemurgy
pushInterval,HardChemurgy
Push,Cane
feverPushMoveTime,RarerCaneJeanUser
feverPushInterval,RarerCaneChemurgy
All,Sea
pushAll,HardSea
init,Pram
z,z
init_z,Pram_z
In,So
Add,Nor
isInAddLong,GoSoNorKeep
addLongTime,MobKeepUser
Up,An
isInWallUp,GoSoPeepAn
wall,Soon
wallUpTime,SoonAnUser
isPushAll,GoCaneSea
Finish,Inside
pushAllFinish,HardSeaInside
Pool,Loud
fx_Pool,No_Loud
fx_Pool_1,No_Loud_1
Text_Pool,Afar_Loud
Item,Bark
rewardItemPerfab,BurrowBarkEither
rewardItemGroup,BurrowBarkCheck
fxPool,NoLoud
fxPool_1,NoLoud_1
TextPool,AfarLoud
max,Far
Bucket,Reason
maxBucketNum,FarReasonSod
currentBucketNum,ChronicReasonSod
Column,Sawyer
ColumnGroup,SawyerCheck
center,Tundra
Door,Lieu
centerDoor,TundraLieu
fX,fX
fX_Fever,fX_Craft
Big,Aid
Win,You
BigWin,AidYou
fX_BigWin,fX_AidYou
BoxGroup,WedCheck
fX_BoxGroup,fX_WedCheck
have,Mark
Little,Temper
Game,Dram
haveLittleGame,MarkTemperDram
Pause,Bulge
isPause,GoBulge
isPushFever,GoCaneCraft
isPushBigWin,GoCaneAidYou
waiting,Erosion
Drop,Pace
Count,Paint
waitingDropCoinCount,ErosionPaceDealPaint
Open,Gibe
Or,If
Close,Shaft
OpenOrCloseObj,GibeIfShaftCry
ad,ID
Reward,Advice
adRewardCDTime,adAdviceCDUser
Unlock,Upside
isPagodaUnlock,GoCooperUpside
big,Toy
End,Any
bigWinEndTime,ToyYouAnyUser
x,x
y,y
rx,Dy
ry,Ox
rz,On
goldCoinPerfab,RiftDealEither
goldCoinPerfab_1,RiftDealEither_1
goldCoinPerfab_5,RiftDealEither_5
goldCoinPerfab_10,RiftDealEither_10
goldCoinPerfab_50,RiftDealEither_50
goldCoinPerfab_100,RiftDealEither_100
goldCoinPerfab_200,RiftDealEither_200
goldCoinPerfab_500,RiftDealEither_500
cashCoinPerfab,JoltDealEither
cashCoinPerfab_1,JoltDealEither_1
cashCoinPerfab_5,JoltDealEither_5
cashCoinPerfab_10,JoltDealEither_10
cashCoinPerfab_50,JoltDealEither_50
cashCoinPerfab_100,JoltDealEither_100
cashCoinPerfab_200,JoltDealEither_200
cashCoinPerfab_500,JoltDealEither_500
rollCashPerfab,ScanGustEither
gem,Row
Diamond,Shortly
gemDiamondPerfab,RowShortlyEither
Blue,Scam
gemBluePerfab,RowScamEither
Red,Beg
gemRedPerfab,RowBegEither
golden,Number
goldenPerfab,NumberEither
scratch,Impinge
Card,Cape
scratchCardPerfab,ImpingeCapeEither
lucky,Ample
luckyCardPerfab,luckyCapeEither
bigCoinPerfab,ToyDealEither
apple,Olive
applePerfab,OliveEither
Perfabs,Bombard
rewardItemPerfabs,BurrowBarkBombard
can,Man
Play,Exam
Sound,Allow
canPlaySound,ManPlayAllow
slotCount,WindPaint
isSlotFlag,GoTuneHoly
velocity,Landmark
slotGroup,WindCheck
slotGroup01,WindCheck01
slotGroup02,WindCheck02
slotGroup03,WindCheck03
in,An
inLittleGame,inTemperDram
Data,Tine
slotObjData,WindCryTine
music,Aptly
musicFlag,AptlyHoly
Pass,Aide
isPass,GoAide
slotSeq,WindMow
Cash_1,Gust_1
Cash_2,Gust_2
Cash_3,Gust_3
Skill,Tread
SkillWall,TreadPeep
SkillBigCoin,TreadAidDeal
SkillLong,TreadKeep
Gem,Way
GemBlue,WayScam
GemRed,WayBeg
GemDiamond,WayShortly
Golden,Icicle
base,Pile
baseSlotObj,PileTuneCry
List,Rent
slotObjList,WindCryRent
rewardObjList,BurrowCryRent
Index,Image
maxIndex,FarImage
rewardIndex,BurrowImage
Anim,Ball
bigWinBGAnim,ToyYouBGBall
Word,Airy
bigWinWordAnim,ToyYouAiryBall
get,Leo
More,Vein
getMoreBtn,LeoVeinOak
getBtn,LeoOak
adImg,IDRay
getBtnText,LeoOakAfar
rewardText,BurrowAfar
bigWinType,ToyYouRear
event,Diver
eventType,DiverRear
goldBtn,RiftOak
cashBtn,JoltOak
amazonBtn,SprawlOak
coinImg,SparRay
ballImg,SoilRay
Bar,Icy
cashBar,JoltIcy
coinBar,SparIcy
amazonBar,SprawlIcy
ballBar,SoilIcy
Normal,Choppy
Window,Memory
NormalWindow,ChoppyMemory
PassWindow,AideMemory
newgold,Leather
newgoldBtn,LeatherOak
Exchange,Marriage
ExchangeBar,MarriageIcy
ExchangeNumText,MarriageSodAfar
New,Don
Setting,Hygiene
NewSettingBtn,DonHygieneOak
Gold,Stir
NewGoldNumText,DonStirSodAfar
goldNumText,RiftSodAfar
cashNumText,JoltSodAfar
amazonNumText,SprawlSodAfar
ballNumText,SoilSodAfar
setting,Pigment
settingBtn,PigmentOak
gems,Wing
Store,Nevus
gemsStoreBtn,WingNevusOak
test,Clay
testBtn,ClayOak
fly,Toe
Controller,Passageway
flyBoxController,ToeWedPassageway
close,Guard
closeBtn,GuardOak
obj,Log
objList,objRent
gemDataList,RowTineRent
slider,Torpor
sliderImage,TorporParis
Slider,Rumble
PassSliderImage,AideRumbleParis
progressText,ReferentAfar
title,Heavy
titleAnim,HeavyBall
async,Brick
Load,Scar
asyncLoad,BrickScar
gamebg,Encase
passbg,Effort
Old,Bud
OldPass,BudAide
NewPass,DonAide
titleObj,HeavyCry
Enter,Maker
EnterBtn,MakerOak
progressObj,ReferentCry
luckyCardList,AmpleCapeRent
select,Nobody
selectObjList,NobodyCryRent
Map,Too
rewardMap,BurrowToo
luckyObjDataList,AmpleCryTineRent
Over,Lime
isOver,GoLime
on,Me
Thanks,Retire
Weight,Mirage
onThanksWeight,MeRetireMirage
this,Foul
thisCount,FoulPaint
win,Too
Max,She
winMaxCount,winShePaint
getRewardBtn,LeoAdviceOak
ExchangeBtn,MarriageOak
No,Go
NoExchangeBtn,NoMarriageOak
ballNum,SoilSod
NeedNum,EarnSod
need,Spar
needNum,needSod
GoldBtn,StirOak
needGoldNum,SparStirSod
musicBtn,AptlyOak
sound,Disco
soundBtn,DiscoOak
vibration,Component
vibrationBtn,ComponentOak
On,No
musicOn,AptlyOn
Off,Egg
musicOff,AptlyEgg
soundOn,DiscoNo
soundOff,DiscoEgg
vibrationOn,ComponentNo
vibrationOff,ComponentEgg
Key,Sod
vibrationKey,ComponentKey
normalSlot,WeakenTune
Pop,War
rewardPop,BurrowWar
rewardPop01,BurrowWar01
rewardPop02,BurrowWar02
rewardPop03,BurrowWar03
param,Valve
param2,Valve2
param3,Valve3
Stars,Japan
star,Weft
Sprite,Trance
star1Sprite,Weft1Trance
star2Sprite,Weft2Trance
target,Belter
targetCard,BelterCape
main,Mute
mainCard,MuteCape
card,Sage
Less,Rape
Progress,Emigrant
cardLessProgress,SageRapeEmigrant
targetNum,BelterSod
targetNum01,BelterSod01
targetNum02,BelterSod02
mainCardObjList,MuteCapeCryRent
targetCardFlag,BelterCapeHoly
mainCardFlag,MuteCapeHoly
scratchWinMaxCount,ImpingeYouShePaint
thisWinCount,FoulYouPaint
targetNumList,BelterSodRent
targetObj,BelterCry
Current,Evening
CurrentRadius,EveningWither
Target,Employ
TargetRadius,EmployWither
shrink,Temple
shrinkTime,TempleUser
Penetrate,Mechanize
eventPenetrate,DiverMechanize
Velocity,Spectrum
shrinkVelocity,TempleSpectrum
weight,Attach
num,Cud
reward_num,Burrow_Cud
targetImage,BelterParis
Rect,Obey
targetRect,BelterObey
padding,Educate
Offset,Litter
targetOffsetX,BelterLitterX
targetOffsetY,BelterLitterY
Canvas,Latter
targetCanvas,BelterLatter
mask,Zone
maskRect,ZoneObey
currentOffsetX,ChronicLitterX
currentOffsetY,ChronicLitterY
Pos,Tug
targetPosX,BelterTugX
targetPosY,BelterTugY
shrinkVelocityX,TempleSpectrumX
shrinkVelocityY,TempleSpectrumY
use,Can
useTargetObj,CanEmployCry
Audio,Glass
Mgr,Car
AudioMgr,GlassMgr
Component,Sculpture
Queue,Flora
AudioComponentQueue,GlassSculptureFlora
MaxCount,ShePaint
AudioQueue,GlassFlora
m,m
bg,No
Music,Their
bgMusic,bgTheir
m_bgMusic,m_bgTheir
Source,Holder
PlayAudioSourceList,ExamGlassHolderRent
Check,Shine
CheckInterval,ShineChemurgy
Bg,Go
Switch,Intent
BgMusicSwitch,BgTheirIntent
_BgMusicSwitch,_BgTheirIntent
Effect,Singer
EffectMusicSwitch,SingerTheirIntent
_EffectMusicSwitch,_SingerTheirIntent
Volume,Powder
BgVolume,GoPowder
_BgVolume,_GoPowder
EffectVolume,SingerPowder
_EffectVolume,_SingerPowder
BGM,BGM
BGM_Name,BGM_Step
Dict,Melt
AudioSettingDict,GlassHygieneMelt
Clip,Akin
AudioClipDict,GlassAkinMelt
effect,Ionize
effectNameGroup,IonizeStepCheck
Round,Beach
Digits,Rodent
RoundDigits,BeachRodent
frames,Turkic
framerate,Uncrumple
ignore,Entire
Scale,Shift
ignoreTimeScale,EntireUserShift
loop,Cany
curve,Claim
image,Acorn
sprite,Jobber
Renderer,Integral
spriteRenderer,JobberIntegral
Frame,Snail
currentFrameIndex,ChronicSnailImage
timer,Trial
Framerate,Aggregate
currentFramerate,ChronicAggregate
Target_Type,Employ_Rear
Layout,Grande
Layout_Type,Grande_Rear
Run,Rot
Run_Time,Rot_User
Number,Partly
Layout_Number,Grande_Partly
adjust,Strong
adjustID,StrongID
sv,Go
Just,Putt
ADJustInitType,ADPuttNoseRear
sv_ADJustInitType,sv_ADPuttNoseRear
ADJustTime,ADPuttUser
sv_ADJustTime,Go_ADPuttUser
MAX,MAX
SDK,SDK
KEY,KEY
MAX_SDK_KEY,MAX_SDK_KEY
REWARD,REWARD
MAX_REWARD_ID,MAX_REWARD_ID
INTER,INTER
MAX_INTER_ID,MAX_INTER_ID
retry,Slimy
Attempt,Weekday
retryAttempt,SlimyWeekday
Showing,History
Ad,On
isShowingAd,GoHistoryAd
Network,Mammoth
rewardNetworkName,BurrowMammothStep
Call,Reed
Back,Rely
rewardCallBackAction,BurrowReedRelyHopper
Success,Seabird
rewardSuccess,BurrowSeabird
interstitial,Experimenter
interstitialNetworkName,ExperimenterMammothStep
interstitialType,ExperimenterRear
interstitialIndex,ExperimenterImage
Playing,Secrecy
Callbacks,Deception
adPlayingCallbacks,IDSecrecyDeception
application,Battlefield
Timestamp,Infection
applicationPauseTimestamp,BattlefieldBulgeInfection
Custom,Mobile
RewardAdCustomData,AdviceOnMobileTine
Interstitial,Remuneration
InterstitialAdCustomData,RemunerationOnMobileTine
Rewardnum,Proboscis
InterstitialRewardnum,RemunerationProboscis
user,Bush
id,Go
user_id,Bush_id
version,Similar
request,Fishery
request_id,Fishery_Go
vendor,Afraid
placement,Dependent
placement_id,Dependent_Go
appid,Range
dictionary,Department
Message,Nucleus
dictionaryMessage,DepartmentNucleus
value,Goods
Bool,Girl
valueBool,GoodsGirl
valueBool2,GoodsGirl2
Int,Get
valueInt,GoodsGet
valueInt2,GoodsGet2
valueInt3,GoodsGet3
Float,Indus
valueFloat,GoodsIndus
valueFloat2,GoodsIndus2
Double,Expend
valueDouble,GoodsExpend
valueDouble2,GoodsExpend2
String,Launch
valueString,GoodsLaunch
valueString2,GoodsLaunch2
valueGameObject,GoodsDramFreeze
valueGameObject2,GoodsDramFreeze2
valueGameObject3,GoodsDramFreeze3
valueGameObject4,GoodsDramFreeze4
Transform,Assistant
valueTransform,GoodsAssistant
valueStringList,GoodsLaunchRent
Vec,Ten
valueVec,GoodsTen
valueVec2List,GoodsTen2Rent
valueIntList,GoodsGetRent
message,Nursery
messageCallBack,NurseryReedRely
vec,The
vec2_1,The2_1
vec2_2,The2_2
Login,Facet
Url,Bay
LoginUrl,FacetBay
Config,Buckle
ConfigUrl,BuckleBay
TimeUrl,UserBay
Adjust,Elicit
AdjustUrl,ElicitBay
sys,Toe
language,Covering
sys_language,sys_Covering
App,Fee
AppSH,FeeSH
sys_AppSH,Toe_FeeSH
Is,At
IsInitData,AtNoseTine
sv_IsInitData,Go_AtNoseTine
sv_big_win_cash,Go_Toy_Too_Jolt
msg,Gem
panel,Troop
and,Kit
msg_close_panel_and_start,msg_Guard_Troop_Kit_Juicy
time,Drug
sv_fever_time_current,Go_Rarer_Drug_Chronic
finish,Secret
new,Few
guide,Chalk
sv_finish_new_user_guide,Go_Secret_Few_Bush_Chalk
bigwin,Intent
multi,Clump
sv_bigwin_weight_multi,Go_bigwin_Attach_Clump
Local,Dozen
User,Pont
LocalUserId,DozenPontIt
sv_LocalUserId,Go_DozenPontIt
Server,Shrink
LocalServerId,DozenShrinkIt
sv_LocalServerId,Go_DozenShrinkIt
Player,Whence
IsNewPlayer,AtDonWhence
sv_IsNewPlayer,Go_AtDonWhence
Daily,Strap
Bouns,Tulip
Get,Buy
DailyBounsGetCount,StrapTulipBuyPaint
sv_DailyBounsGetCount,Go_StrapTulipBuyPaint
Date,Coal
DailyBounsDate,StrapTulipCoal
sv_DailyBounsDate,Go_StrapTulipCoal
Step,Kiln
NewUserStep,DonPontKiln
sv_NewUserStep,Go_DonPontKiln
GoldCoin,StirDeal
sv_GoldCoin,Go_StirDeal
Cumulative,Wilderness
CumulativeGoldCoin,WildernessStirDeal
sv_CumulativeGoldCoin,Go_WildernessStirDeal
sv_Cash,Go_Gust
CumulativeCash,WildernessGust
sv_CumulativeCash,Go_WildernessGust
Amazon,Litter
sv_Amazon,Go_Amazon
CumulativeAmazon,WildernessLitter
sv_CumulativeAmazon,Go_WildernessLitter
sv_steel_ball_num,Go_Farce_Soil_Cud
CumulativeBall,WildernessName
sv_CumulativeBall,Go_WildernessName
date,Hike
sv_steel_ball_date,Go_Farce_Soil_Hike
Total,Crawl
TotalGameTime,CrawlDramUser
sv_TotalGameTime,Go_CrawlDramUser
Token,Sweet
FirstGetToken,MoralBuySweet
sv_FirstGetToken,Go_MoralBuySweet
Has,Can
Show,Bury
Rate,Mail
Panel,Press
HasShowRatePanel,HasBuryMailPress
sv_HasShowRatePanel,Go_HasBuryMailPress
Lottery,Actress
CumulativeLottery,WildernessActress
sv_CumulativeLottery,Go_WildernessActress
Already,Petiole
Levels,Empire
AlreadyPassLevels,PetioleAideEmpire
sv_AlreadyPassLevels,Go_PetioleAideEmpire
NewUserStepFinish,DonPontKilnInside
sv_NewUserStepFinish,Go_DonPontKilnInside
task,Rote
level,Stint
count,Daily
sv_task_level_count,Go_Rote_Stint_Daily
FirstSlot,MoralTune
sv_FirstSlot,Go_MoralTune
Adid,Fend
AdjustAdid,ElicitFend
sv_AdjustAdid,Go_ElicitFend
trial,Hotel
sv_ad_trial_num,Go_ID_Hotel_Cud
total,Alter
sv_total_ad_num,Go_Alter_ID_Cud
first,Idiom
bing,Suit
sv_first_bing_win_777,Go_Idiom_Suit_Too_777
sv_first_bing_win_reward,Go_Idiom_Suit_Too_Burrow
show,Toss
msg_show_cash_mask,Gem_Toss_Jolt_Zone
fiy,Fix
box,Fox
sv_start_fiy_box,Go_Juicy_Fix_Fox
out,Fad
sv_first_cash_out,Go_Idiom_Jolt_Fad
rate,Pink
us,He
msg_show_rate_us,Gem_Toss_Pink_us
again,Abuse
sv_first_slot_again,Go_Idiom_Wind_Abuse
sv_normal_win_ad_id,Go_Weaken_Too_ID_Go
type,Drip
sv_normal_win_type,Go_Weaken_Too_Drip
sv_gems_type,Go_Wing_Drip
nofirst,Shyness
sv_nofirst_add_ball,Go_Shyness_Mob_Soil
mg,It
WindowOpen,MemoryGibe
mg_WindowOpen,mg_MemoryGibe
WindowClose,MemoryShaft
mg_WindowClose,It_MemoryShaft
ui,By
levelcomplete,Thermodynamic
mg_ui_levelcomplete,It_By_Thermodynamic
addgold,Outcrop
mg_ui_addgold,It_By_Outcrop
addtoken,Catalyst
mg_ui_addtoken,It_By_Catalyst
addamazon,Excessive
mg_ui_addamazon,It_By_Excessive
Suspend,Startle
GameSuspend,DramStartle
mg_GameSuspend,It_DramStartle
path,Clip
path_GoldCoin_Sprite,Clip_StirDeal_Trance
Dimond,Unread
path_Token_Sprite_Dimond,Clip_Sweet_Trance_Unread
Gem_Blue,Way_Scam
Gem_Red,Way_Beg
Gem_Diamond,Way_Shortly
Gem_Golden,Way_Icicle
Tex,Who
Tex_10,Who_10
Tex_8,Who_8
BoxCount,WedPaint
TIMEOUT,TIMEOUT
Base,Fork
BaseUrl,ForkBay
BaseLoginUrl,ForkFacetBay
BaseConfigUrl,ForkBuckleBay
BaseTimeUrl,ForkUserBay
BaseAdjustUrl,ForkElicitBay
Code,Bomb
GameCode,DramBomb
From,Dumb
DataFrom,TineDumb
Channel,Anxiety
country,Dynamic
ConfigData,BuckleTine
InitData,NoseTine
GameData,DramTine
Manager,Scratch
adManager,IDScratch
gaid,Belt
aid,See
idfa,Rise
ready,Arise
ready_count,Arise_Daily
CheckCount,ShinePaint
Event,Honor
Tracker,Trickle
TrackerName,TrickleStep
Event_TrackerName,Honor_TrickleStep
Ok,An
CheckOk,ShineOk
_CheckOk,_ShineOk
Str,Sad
UserDataStr,PontTineSad
UserData,PontTine
Info,Head
GetUserInfoCount,BuyPontHeadPaint
GetSuccess,BuySeabird
Fail,Soar
GetFail,BuySoar
DEFAULT,DEFAULT
DEFAULT_TIMEOUT,DEFAULT_TIMEOUT
RETRY,RETRY
COUNT,COUNT
MAX_RETRY_COUNT,MAX_RETRY_COUNT
INTERVAL,INTERVAL
RETRY_INTERVAL,RETRY_INTERVAL
Tasks,Ridge
requestTasks,FisheryRidge
Net,Bis
Work,Slot
NetWorkGetList,BisSlotBuyRent
Post,Card
NetWorkPostList,BisSlotCardRent
URL,URL
Form,Wish
PostSuccess,CardSeabird
PostFail,CardSoar
PoolQueue,LoudFlora
m_PoolQueue,m_LoudFlora
PoolName,LoudStep
m_PoolName,m_LoudStep
m_Parent,m_Rattle
m_MaxCount,m_ShePaint
Default,Contend
DefaultMaxCount,ContendShePaint
m_DefaultMaxCount,m_ContendShePaint
Dic,Ted
PoolDic,LoudTed
m_PoolDic,m_LoudTed
Root,Fine
RootTransform,FineAssistant
m_RootTransform,m_FineAssistant
Toast,Those
ToastText,ThoseAfar
Start,Plain
Refresh,Morally
needStartRefresh,SparPlainMorally
Adjust_TrackerName,Elicit_TrickleStep
Save,Auto
AP,AP
Save_AP,Auto_AP
Mode,Cost
NormalModeName,ChoppyCostStep
Distances,Viscosity
Reason,Nickel
Log,Who
StepLog,KilnLog
flyBox,ToeWed
timeInterval,DrugChemurgy
_timeInterval,_DrugChemurgy
_currentTime,_ChronicUser
isOnFlag,GoNoHoly
boxImg,FoxRay
boxBtn,FoxOak
bubble,Bronze
Gif,Lot
bubbleGifImage,BronzeLotParis
seq,Own
_seq1,_Own1
_seq2,_Own2
imageList,AcornRent
speen,Embed
btn,Ink
btnBgY,InkGoY
silver,Fungus
silverImg,FungusRay
blue,Rise
blueImg,blueRay
yellow,Alaska
yellowImg,AlaskaRay
goldBarImg,RiftIcyRay
sliderProgress,TorporEmigrant
gemsNum,WingSod
maxNum,FarSod
currentNum,ChronicSod
gemsDataItem,WingTineBark
thisGemType,FoulWayRear
bgGold,NoStir
Silver,Ignore
bgSilver,NoIgnore
bgTop,NoCar
over,Pipe
overImg,PipeRay
BG,BG
fx_Open,No_Gibe
circle,Rarefy
circleImg,RarefyRay
mainNumText,MuteSodAfar
mainNum,MuteSod
scratchObjData,ImpingeCryTine
Shoot,Cajun
Point,Steep
ShootPoint,CajunSteep
ballPerfab,SoilEither
rotate,Bustle
rotateSeq,BustleMow
Light,Basin
column,Galaxy
columnPerfab,GalaxyEither
columnList,GalaxyRent
FX,FX
FX_Light,FX_Basin
index,Panel
countImage,DailyParis
drop,Wold
dropCount,WoldPaint
Haptic,Marrow
canHaptic,ManMarrow
shoot,Child
shootPoint,ChildSteep
ballPanel,SoilPress
plate,Skull
plateWidth,SkullStark
all,Cab
allWidth,CabStark
allBoxList,CabWedRent
ballPool,SoilLoud
touch,Skate
touchLock,SkateClue
Button,Divide
CloseButton,ShaftDivide
AdjustAdidText,ElicitFendAfar
ServerIdText,ShrinkItAfar
Act,Aie
Counter,Lawlike
ActCounterText,AieLawlikeAfar
AdjustTypeText,ElicitRearAfar
Reset,Snail
ResetActCountButton,ResetAiePaintDivide
AddActCountButton,NorAiePaintDivide
Last,Burn
LastPlayTimeCounterText,BurnExamUserLawlikeAfar
Counter101Text,Lawlike101Afar
Counter102Text,Lawlike102Afar
Counter103Text,Lawlike103Afar
Trial,Drift
TrialNumText,DriftSodAfar
Rewarded,Describe
PlayRewardedAdButton,ExamDescribeOnDivide
PlayInterstitialAdButton,ExamRemunerationOnDivide
NoThanksButton,GoRetireDivide
TrialNumButton,DriftSodDivide
TimeInterstitialText,UserRemunerationAfar
PauseTimeInterstitialButton,BulgeUserRemunerationDivide
Resume,Maraca
ResumeTimeInterstitialButton,MaracaUserRemunerationDivide
AppSetting,FeeHygiene
_AppSetting,_FeeHygiene
SYS,SYS
PATH,PATH
CANVAS,CANVAS
SYS_PATH_CANVAS,SYS_PATH_CANVAS
UIFORMS,UIFORMS
CONFIG,CONFIG
INFO,INFO
SYS_PATH_UIFORMS_CONFIG_INFO,SYS_PATH_UIFORMS_CONFIG_INFO
TAG,TAG
SYS_TAG_CANVAS,SYS_TAG_CANVAS
NORMAL,NORMAL
NODE,NODE
SYS_NORMAL_NODE,SYS_NORMAL_NODE
FIXED,FIXED
SYS_FIXED_NODE,SYS_FIXED_NODE
POPUP,POPUP
SYS_POPUP_NODE,SYS_POPUP_NODE
TOP,TOP
SYS_TOP_NODE,SYS_TOP_NODE
SCRIPTMANAGER,SCRIPTMANAGER
SYS_SCRIPTMANAGER_NODE,SYS_SCRIPTMANAGER_NODE
Click,Crest
onClick,MeCrest
Down,Salt
onDown,MeSalt
onEnter,MeMaker
Exit,Loan
onExit,MeLoan
onUp,MeAn
Select,Sparse
onSelect,MeSparse
Update,Manual
onUpdateSelect,MeManualSparse
dic,Sex
Messages,Colossal
dicMessages,dicColossal
_dicMessages,_dicColossal
_Key,_Sod
Values,Indium
_Values,_Indium
Instance,Ductless
_Instance,_Ductless
ht,An
Go,Ax
GoCanvasRoot,AxLatterFine
_GoCanvasRoot,_AxLatterFine
Tra,Tar
Scripts,Untwist
Node,Tell
TraUIScriptsNode,TarUIUntwistTell
_TraUIScriptsNode,_TarUIUntwistTell
To,An
GoToPanel,AxToPress
_GoToPanel,_AxToPress
GoMaskPanel,AxPastPress
_GoMaskPanel,_AxPastPress
Camera,Target
UICamera,UITarget
_UICamera,_UITarget
Original,Restrain
Depth,Extra
OriginalUICameraDepth,RestrainUITargetExtra
_OriginalUICameraDepth,_RestrainUITargetExtra
Instatnce,Vagueness
_Instatnce,_Vagueness
Lauguage,Sickness
Cache,Issue
DicLauguageCache,TedSicknessIssue
_DicLauguageCache,_TedSicknessIssue
CurrentUIType,EveningUIRear
_CurrentUIType,_EveningUIRear
button,Butter
close_button,Guard_Butter
Main,Hunt
MainCanvas,HuntLatter
Forms,Visit
Paths,Worst
DicFormsPaths,TedVisitWorst
_DicFormsPaths,_TedVisitWorst
DicALLUIForms,TedALLUIVisit
_DicALLUIForms,_TedALLUIVisit
Sta,Mow
StaCurrentUIForms,StaEveningUIVisit
_StaCurrentUIForms,_StaEveningUIVisit
DicCurrentShowUIForms,TedEveningBuryUIVisit
_DicCurrentShowUIForms,_TedEveningBuryUIVisit
Wait,Lamp
WaitUIForms,LampUIVisit
_WaitUIForms,_LampUIVisit
Transfrom,Warehouse
TraCanvasTransfrom,TarLatterWarehouse
_TraCanvasTransfrom,_TarLatterWarehouse
TraNormal,TarChoppy
_TraNormal,_TarChoppy
Fixed,Auger
TraFixed,TarAuger
_TraFixed,_TarAuger
TraPopUp,TarWarAn
_TraPopUp,_TarWarAn
_Top,_Car
TraUIScripts,TarUIUntwist
_TraUIScripts,_TarUIUntwist
PanelName,PressStep
PanelNameList,PressStepRent
Clear,Asset
Reverse,Amplify
Change,Mutual
IsClearReverseChange,AtAssetAmplifyMutual
mypageview,Simplistic
rect,Stag
posList,GemRent
Drag,Weed
isDrag,GoWeed
stop,Sign
stopMove,SignJean
Horizontal,Accelerate
targetHorizontal,BelterAccelerate
startDragHorizontal,JuicyWeedAccelerate
smooting,Columbia
sensitivity,Elimination
Page,Zinc
OnPageChange,NoZincMutual
currentPageIndex,ChronicZincImage
Cell,Hone
itemCell,SlatHone
scrollRect,HandleObey
content,Formula
spacing,Further
totalWidth,AlterStark
Height,Rename
totalHeight,AlterRename
visible,Company
visibleCount,CompanyPaint
Clac,Moat
isClac,GoMoat
startIndex,JuicyImage
last,Foot
lastIndex,FootImage
itemHeight,SlatRename
itemList,SlatRent
visibleList,CompanyRent
allList,CabRent
Volmue,Potion
EffectVolmue,SingerPotion
Frames,Visual
Ignore,Choppy
IgnoreTimeScale,IgnoreUserShift
Loop,Drug
currentCount,ChronicPaint
_currentCount,_ChronicPaint
lastPlayTimeCounter,FootExamUserLawlike
counter,Playful
counter101,Playful101
counter102,Playful102
counter103,Playful103
pause,Drain
pauseTimeInterstitial,DrainUserRemuneration
Package,Deplete
PackageName,DepleteStep
AdjustTracker,ElicitTrickle
Ready,Topic
AdjustTracker_Ready,ElicitTrickle_Topic
Request,Neutral
RequestId,NeutralIt
Headers,Connect
OnSuccess,NoSeabird
OnFail,NoSoar
Retry,Mimic
RetryCount,MimicPaint
Timeout,Cheater
Running,Britain
IsRunning,AtBritain
Web,Jaw
WebRequest,JawNeutral
Raw,Sad
RawData,RawTine
GetNetWorkGetListCount,BuyBisSlotBuyRentPaint
GetNetWorkPostListCount,BuyBisSlotCardRentPaint
Prefab,Kennel
DataCount,TinePaint
Line,Open
LineHeight,OpenRename
Stop,Lady
Moving,Dampen
StopMoving,LadyDampen
Re,My
ReStartMoving,MyPlainDampen
MovingAct,DampenAie
State,Ingot
CheckObjState,ShineCryIngot
Icon,Rook
IconUp,RookAn
PopShow,WarBury
Hide,Date
PopHide,WarDate
ChangeNumber,MutualPartly
Level,Spine
LevelUp,SpineAn
Value,Boost
ChangeSliderValue,MutualRumbleBoost
Home,Woad
HomeShow,WoadBury
HomeHide,WoadDate
GoldMove,StirJean
Best,Wine
GoldMoveBest,StirJeanWine
Bank,Mask
BankCashMove,MaskGustJean
Star,Oven
StarBoxMove,OvenWedJean
StarBoxRewardShow,OvenWedAdviceBury
Con,Urn
LevelUnlockIConScale,SpineUpsideIUrnShift
Bonus,Prone
Ani,Owe
DailyBonusAni,StrapProneOwe
Breathe,Divorce
Jump,Self
IconJump,RookSelf
OVOMove,OVOJean
Scroll,Infant
HorizontalScroll,AccelerateInfant
Idle,Both
IconIdle,RookBoth
Collect,Sharper
CollectAni,SharperOwe
Animaiton,Premature
FeverAnimaiton,CraftPremature
CollectRewardAni,SharperAdviceOwe
Print,Sword
Merge,Crude
getCameraWidth,LeoTargetStark
getCameraHeight,LeoTargetRename
World,Sixth
getWorldPoint,LeoSixthSteep
Nearest,Fertile
GetNearestGameObject,BuyFertileDramFreeze
Angle,Irish
PointToAngle,SteepAnIrish
Angle180To360,Irish180An360
Unity,Round
Direction,Broadleaf
GetUnityDirection,BuyRoundBroadleaf
Texture,Angular
True,Gist
Size,Gift
getTextureTrueSize,LeoAngularGistGift
getSpriteSize,LeoTranceGift
Touch,Group
Position,District
getTouchPosition,LeoGroupDistrict
getWeightIndex,LeoMirageImage
Random,Doctor
Sequence,Ductless
GetRandomSequence,BuyDoctorSequence
Dictionary,Respective
StringToDictionary,LaunchAnRespective
DictionaryToString,RespectiveAnLaunch
Day,Bit
Diff,Wold
DayDateDiff,BitCoalDiff
Sec,Wet
SecDateDiff,WetCoalWold
DateDiff,CoalWold
At,Be
GetPosAtText,BuyTugBeAfar
Distance,Exchange
By,Ox
Area,Lure
DistanceByArea,ExchangeByLure
Encrypt,Formula
EncryptDES,EncryptDES
Decrypt,Premium
DecryptDES,PremiumDES
Notification,Subsequently
Permission,Speculator
RequestNotificationPermission,NeutralSubsequentlySpeculator
Initialize,Comparison
Notifications,Indiscernible
InitializeNotifications,ComparisonIndiscernible
ClearNotification,AssetSubsequently
Create,Weldon
CreateNotificationChannel,WeldonSubsequentlyAnxiety
Send,Salt
Immediate,Imaginary
SendImmediateNotification,SendImaginarySubsequently
Schedule,Intruder
ScheduleNotification,IntruderSubsequently
InitPoolManager,NoseLoudScratch
Buffer,Assume
BufferPoolAddItem,AssumeLoudNorBark
GetObject,BuyFreeze
CloseAll,ShaftSea
Destroy,Cynthia
DestroyAll,CynthiaSea
StartAnim,PlainBall
ShowStep,BuryKiln
ShowStep2Btn,BuryKiln2Oak
ShowStep3Btn,BuryKiln3Oak
ShowStep4Btn,BuryKiln4Oak
StartGame,PlainDram
ShowCashMask,BuryGustPast
CloseImg,ShaftRay
ShowImg,BuryRay
ChangeNumAnim,MutualSodBall
GetNormalWinReward,BuyChoppyYouAdvice
InitMulti,NoseFolly
Take,Sell
TakeSlot,SellTune
addPusherReward,MobPeriodAdvice
Plinko,Holder
getPlinkoCoinCount,LeoPlinkoDealPaint
Auto,Peru
getAutoDropAdType,LeoPeruPaceOnRear
getSlotRewardData,LeoTuneAdviceTine
showSkillWallTime,TossTreadPeepUser
showSkillLongTime,TossTreadKeepUser
showDropCashCoinCount,TossPaceGustDealPaint
bigWinEnd,ToyYouAny
feverEnd,RarerAny
getGoldCoinNum,LeoStirDealSod
getCashCoinNum,LeoGustDealSod
StopFever,LadyCraft
ReStartFeverTime,MyPlainCraftUser
ClearData,AssetTine
AddFeverBall,NorCraftName
StartFeverTime,PlainCraftUser
CloseFeverTime,ShaftCraftUser
RefreshProgress,MorallyEmigrant
InitGameData,NoseDramTine
InitNewData,NoseDonTine
GetGold,BuyStir
GetCumulativeGoldCoin,BuyWildernessStirDeal
AddGold,NorStir
GetCash,BuyGust
GetCumulativeCash,BuyWildernessGust
AddCash,NorGust
GetAmazon,BuyLitter
GetCumulativeAmazon,BuyWildernessLitter
AddAmazon,NorLitter
GetBall,BuyName
AddBall,NorName
AddGem,NorWay
gameInit,DownNose
CheckSlot,ShineTune
Restart,Witness
GameRestart,DramWitness
GameStop,DramLady
Lucky,Thank
ShowLuckyCardPanel,BuryThankCapePress
Scratch,Capture
ShowScratchCardPanel,BuryCaptureCapePress
Jewelry,Faintly
ShowJewelryStorePanel,BuryFaintlyNevusPress
ShowSettingPanel,BuryHygienePress
ShowNewSettingPanel,BuryDonHygienePress
ShowMoreRewardPanel,BuryVeinAdvicePress
ShowMoreDropCoinPanel,BuryVeinPaceDealPress
ShowMoreSlotPanel,BuryVeinTunePress
Us,My
ShowRateUsPanel,BuryMailUsPress
CloseLock,ShaftClue
ShowBigRewardPanel,BuryAidAdvicePress
ShowNormalRewardPanel,BuryChoppyAdvicePress
Roll,Deny
ShowCashRollReward,BuryGustDenyAdvice
ShowSkillLongAct,BuryTreadKeepAie
CloseSkillLongAct,ShaftTreadKeepAie
ShowSkillWallAct,BuryTreadPeepAie
CloseSkillWallAct,ShaftTreadPeepAie
StartSkillLong,PlainTreadKeep
StartSkillWall,PlainTreadPeep
ShowSlotNum,BuryTuneSod
ShowCashCoinNum,BuryGustDealSod
Timer,Guess
SkillLongTimer,TreadKeepGuess
SkillWallTimer,TreadPeepGuess
CashCoinTimer,GustDealGuess
DropBall,PaceName
For,Sit
Apple,Tract
DropCoinForApple,PaceDealSitTract
Steel,Niche
AddSteelBall,NorNicheName
RefreshData,MorallyTine
Recover,Surface
RecoverSteelBall,SurfaceNicheName
RecoverSteelBallTime,SurfaceNicheNameUser
ChangeSteelBallLock,MutualNicheNameClue
creat,Vapor
creatCoinPagoda,VaporDealCooper
set,Fen
Block,Tenon
setBlockAction,FenTenonHopper
pushStartMove,HardPlainJean
pushPauseMove,HardBulgeJean
pushResumeMove,HardMaracaJean
pushAddLong,HardNorKeep
addLongEndWaitTime,MobKeepAnyLampUser
setWallUp,FenPeepAn
wallUpEndWaitTime,SoonAnAnyLampUser
setWallDown,FenPeepSalt
pushAllMove,HardSeaJean
boxStartMove,FoxPlainJean
slotBoxPauseMove,WindWedBulgeJean
slotBoxResumeMove,WindWedMaracaJean
CloseSlotBox,ShaftTuneWed
startPusher,JuicyPeriod
pausePusher,DrainPeriod
resume,Always
resumePusher,AlwaysPeriod
pauseRewardItem,DrainAdviceBark
resumeRewardItem,AlwaysAdviceBark
getDropReward,LeoPaceAdvice
startSlot,JuicyTune
auto,Rime
autoDropAdReward,RimePaceOnAdvice
pauseAutoDropAdReward,DrainPeruPaceOnAdvice
resumeAutoDropAdReward,AlwaysPeruPaceOnAdvice
autoDropAdRewardWaitTime,RimePaceOnAdviceLampUser
bigCoinDrop,ToyDealPace
Shake,Recur
bigCoinShake,ToyDealRecur
Five,Salt
dropFiveCashFromUp,WoldFiveGustDumbAn
dropFiveFromUpWaitTime,WoldSaltDumbAnLampUser
dropFromUp,WoldDumbAn
getRewardItem,LeoAdviceBark
Active,Center
coinPagodaActive,SparCooperCenter
bigWinEndWaitTime,ToyYouAnyLampUser
feverStart,RarerPlain
feverEndWaitTime,RarerAnyLampUser
PlayFever,ExamCraft
AddBucketNum,NorReasonSod
Euler,Award
Angles,Babble
getRandomEulerAngles,LeoDoctorAwardBabble
save,Welt
saveAllRewardItem,WeltSeaAdviceBark
load,Grab
loadAllRewardItem,GrabSeaAdviceBark
initRewardItem,PramAdviceBark
initGoldCoin,PramStirDeal
initCashCoin,PramGustDeal
One,Raw
PlayOneSlot,ExamRawTune
AddSlotCount,NorTunePaint
Do,He
DoSlot,DoTune
ReDoSlot,MyHeTune
Rigidbody,Infection
pauseRigidbody,DrainRigidbody
resumeRigidbody,AlwaysInfection
RefreshSlotGroup,MorallyTuneCheck
SlotStop,TuneLady
SlotReStart,TuneMyPlain
StartSlot,PlainTune
MoveAct,JeanAie
PlaySlot,ExamTune
ShowThanksPanel,BuryRetirePress
PlaySlotMusic,ExamTuneTheir
CloseSlotBG,ShaftTuneBG
InitDataRandom,NoseTineDoctor
InitDataByData,NoseTineOxTine
CreateRewardObj,WeldonAdviceCry
ReInit,MyNose
InitAnim,NoseBall
GetReward,BuyAdvice
ClosePanel,ShaftPress
Wallet,Lament
RefreshWallet,MorallyLament
Animation,Primitive
GoldAddAnimation,StirNorPrimitive
CashAddAnimation,GustNorPrimitive
AmazonAddAnimation,LitterNorPrimitive
AddAnimation,NorPrimitive
CloseLuckyCardPanel,ShaftThankCapePress
InitLuckyCard,NoseThankCape
DoAct,HeAie
OpenLock,GibeClue
AddRewardMap,NorAdviceToo
ShowBonusPanel,BuryPronePress
AddSelectList,NorSparseRent
This,Sled
CloseThisPanel,ShaftSledPress
GetSlotIndex,BuyTuneImage
Param,Shoot
GetParam,BuyShoot
GetParam3,BuyShoot3
CloseNormalPanel,ShaftChoppyPress
light,There
lightStart,TherePlain
closePanel,GuardPress
ShowLittleBonusPanel,BuryTemperPronePress
ShowScratchBonus,BuryCaptureProne
GetRandomObjNum,BuyDoctorCrySod
GetTargetList,BuyEmployRent
CloseScratchCardPanel,ShaftCaptureCapePress
initMulti,PramFolly
Set,You
SetTargetImage,SetEmployParis
SetTargetRect,YouEmployObey
Parameters,Delectable
UpdateTargetParameters,ManualEmployDelectable
SetTarget,YouEmploy
WorldToCanvasPos,SixthAnLatterTug
InitAudioSourceQueue,NoseGlassHolderFlora
Audo,Body
AddAudioSourceForAudoMgr,NorGlassHolderSitBodyCar
GetAudioComponent,BuyGlassSculpture
Un,If
Use,Dew
UnUseAudioComponent,UnDewGlassSculpture
Bgm,Two
setBgmCloseOneTime,FenTwoShaftRawUser
Replace,Gosling
setBgmReplaceOneTime,FenTwoGoslingRawUser
InitMusicMgr,NoseTheirCar
CheckUnUseAudioComponent,ShineIfDewGlassSculpture
SetAllEffectVolume,YouSeaSingerPowder
PlayBgBase,ExamGoFork
PlayEffectBase,ExamSingerFork
PlayBg,ExamGo
PlayEffect,ExamSinger
remove,Engine
removeEffectName,EngineSingerStep
getVolume,LeoPowder
SetBool,YouGirl
GetBool,BuyGirl
SetString,YouLaunch
GetString,BuyLaunch
SetFloat,YouIndus
GetFloat,BuyIndus
SetInt,YouGet
GetInt,BuyGet
Array,Wheat
SetIntArray,YouGetWheat
GetIntArray,BuyGetWheat
SetFloatArray,YouIndusWheat
GetFloatArray,BuyIndusWheat
SetStringArray,YouLaunchWheat
GetStringArray,BuyLaunchWheat
Vector,Entity
SetVector,YouEntity
SetVector2,YouEntity2
GetVector,BuyEntity
GetVector2,BuyEntity2
SetVector3,YouEntity3
GetVector3,BuyEntity3
Quaternion,Skepticism
SetQuaternion,YouSkepticism
GetQuaternion,BuySkepticism
SetDouble,YouExpend
GetDouble,BuyExpend
DoUpdate,HeManual
Anchor,Plunge
SetAnchor,YouPlunge
Pivot,Often
SetPivot,YouOften
layout,Stripe
layoutAction,StripeHopper
AdjustInit,ElicitNose
SaveAdjustAdid,AutoElicitFend
GetAdjustAdid,BuyElicitFend
Status,Ascent
GetAdjustStatus,BuyElicitAscent
OldUserSet,BudPontYou
InitAdjustData,NoseElicitTine
AddActCount,NorAiePaint
LoadAdjustOnAct,ScarElicitNoAie
ResetActCount,SnailAiePaint
GetAdjustTime,BuyElicitUser
setAdjustAdid,FenElicitFend
Ads,Fly
InitializeRewardedAds,ComparisonDescribeFly
LoadRewardedAd,ScarDescribeOn
LoadInterstitial,ScarRemuneration
play,Hair
Video,Karst
playRewardVideo,HairAdviceKarst
playInterstitialAd,HairRemunerationOn
playInterstitial,HairRemuneration
Repeat,Virgin
Method,Studio
RepeatMethod,VirginStudio
NoThanksAddCount,GoRetireNorPaint
PauseTimeInterstitial,BulgeUserRemuneration
ResumeTimeInterstitial,MaracaUserRemuneration
UpdateTrialNum,ManualDriftSod
Register,Clearing
Callback,Physical
RegisterPlayCallback,ClearingExamPhysical
After,Guild
AfterAdPlaySuccess,GuildOnExamSeabird
GetTotalAdNum,BuyCrawlOnSod
Pin,Oat
Market,Turkey
OpenAPPinMarket,GibeAPOatTurkey
Remove,Bellow
gaidAction,BeltHopper
aidAction,SeeHopper
idfaSuccess,RiseSeabird
idfaFail,RiseSoar
Country,Prosper
getCountry,LeoProsper
GetConfigData,BuyBuckleTine
Loaction,Cellular
GetLoactionData,BuyCellularTine
SetConfigData,YouBuckleTine
GameReady,DramTopic
Out,Hub
NetWorkTimeOut,BisSlotUserHub
SendAdjustAdid,SaltElicitFend
CheckAdjustNetwork,ShineElicitMammoth
GetUserInfo,BuyPontHead
ReGetUserInfo,MyBuyPontHead
autoMessage,RimeNucleus
Para,Wavy
SendNoParaEvent,SaltGoWavyHonor
send,Crop
sendGameProgress,CropDramEmigrant
SendEvent,SaltHonor
SendPost,SaltCard
endRequest,LogNeutral
Http,Gibe
HttpGet,HttpBuy
HttpPost,GibeCard
Json,Onto
HttpPostJson,GibeCardOnto
Process,Impulse
ProcessRequest,ImpulseNeutral
CreateWebRequest,WeldonJawNeutral
Cleanup,Sleeper
CleanupRequest,SleeperNeutral
Cancel,Lordly
CancelRequest,LordlyNeutral
Requests,Athenian
CancelAllRequests,LordlySeaAthenian
Recycle,Counter
RecycleAll,CounterSea
CreateObjectPool,WeldonFreezeLoud
GetGameObject,BuyDramFreeze
RecycleGameObject,CounterDramFreeze
Query,Shelf
QueryPool,ShelfLoud
GetInstance,BuyDuctless
autoCloseToast,RimeShaftThose
ShowToast,BuryThose
Content,Topsoil
setContentLayout,FenTopsoilGrande
IsApple,AtTract
Online,Option
CheckOnlineData,ShineOptionTine
GetDistance,BuyExchange
Editor,Shroud
IsEditor,AtShroud
Portrait,Ponytail
IsPortrait,AtPonytail
GetTimestamp,BuyInfection
Format,Gently
DateTimeFormat,CoalUserGently
Seconds,Sensory
SecondsToDateTime,SensoryAnCoalUser
SecondsFormat,SensoryGently
DoubleToStr,ExpendAnSad
GetWeightRandom,BuyMirageDoctor
GetWeightRandomIndex,BuyMirageDoctorImage
Chance,Seeker
InChance,SoSeeker
Sort,Roam
RandomSort,DoctorRoam
Enum,Pelt
ToEnum,AnPelt
BoxTimeInterval,WedUserChemurgy
And,Hop
ResetAndStartBox,SnailHopPlainWed
StopBox,LadyWed
Enable,Radius
SetBoxBtnEnable,YouWedOakRadius
Disable,Perfume
SetBoxBtnDisable,YouWedOakPerfume
RestartBox,WitnessWed
Fly,Web
CreateFlyBox,WeldonWebWed
FlyPause,WebBulge
FlyResume,WebMaraca
SetBtnEnable,YouOakRadius
SetBtnDisable,YouOakPerfume
PopAction,WarHopper
FlyMoveAction,WebJeanHopper
playAction,HairHopper
CloseIconImg,ShaftRookRay
ShowIconImg,BuryRookRay
CloseRewardImg,ShaftAdviceRay
ShowRewardImg,BuryAdviceRay
CloseObj,ShaftCry
InitRewardObjData,NoseAdviceCryTine
InitThanksObjData,NoseRetireCryTine
Crad,Gist
CradAnimation,CradPrimitive
ShowTarget,BuryEmploy
shootBall,ChildName
FeverAnimation,CraftPrimitive
refresh,Thinker
refreshCount,ThinkerPaint
dropMoreCoin,WoldVeinDeal
dropMoreCoinWaitTime,WoldVeinDealLampUser
dropCoin,WoldDeal
setHaptic,FenMarrow
haptic,Upwind
hapticUnlockWaitTime,UpwindUpsideLampUser
Rotate,Debtor
getRotateRandom,LeoDebtorDoctor
feverStartRefresh,RarerPlainMorally
feverEndRefresh,RarerAnyMorally
dropBall,WoldName
DropCoin,PaceDeal
touchUnlockWaitTime,SkateUpsideLampUser
pauseAllBall,DrainSeaName
resumeAllBall,AlwaysSeaName
feverStartBoxRefresh,RarerPlainWedMorally
feverEndBoxRefresh,RarerAnyWedMorally
feverStartAutoDropBall,RarerPlainPeruPaceName
feverEndAutoDropBall,RarerAnyPeruPaceName
autoDropBallWaitTime,RimePaceNameLampUser
Many,Kier
creatManyCoin,VaporKierDeal
ShowCounterText,BuryLawlikeAfar
ShowPauseTimeInterstitial,BuryBulgeUserRemuneration
GetAppSettingMaxNumber,BuyFeeHygieneShePartly
Analysis,Specific
InitAndAnalysisJson,NoseHopSpecificOnto
Msg,Sex
Listener,Subtlety
AddMsgListener,NorMsgSubtlety
RemoveMsgListener,BellowSexSubtlety
ClearAllMsgListener,AssetSeaSexSubtlety
SendMessage,SaltNucleus
Resource,Synapsis
LoadResource,ScarSynapsis
Asset,Vague
LoadAsset,ScarVague
SetMaskWindow,YouPastMemory
HideMaskWindow,DatePastMemory
CancelMaskWindow,LordlyPastMemory
Find,Swim
The,Lag
Child,Unify
FindTheChildNode,SwimLagUnifyTell
GetTheChildNodeComponentScripts,BuyLagUnifyTellSculptureUntwist
AddChildNodeComponent,NorUnifyTellSculpture
AddChildNodeToParentNode,NorUnifyTellAnRattleTell
ShowText,BuryAfar
InitLauguageCache,NoseSicknessIssue
FindChildAddComponent,SwimUnifyNorSculpture
Freeze,Patchy
Rigister,Fluidity
RigisterButtonObjectEvent,FluidityDivideFreezeHonor
OpenUIForm,GibeUIWish
CloseUIForm,ShaftUIWish
Receive,Cushion
ReceiveMessage,CushionNucleus
AddPanel,NorPress
Sub,Nor
SubPanel,SubPress
Loading,Billion
InitRootCanvasLoading,NoseFineLatterBillion
ShowUIForms,BuryUIVisit
Return,Acidic
CloseOrReturnUIForms,ShaftIfAcidicUIVisit
Next,Cage
ShowNextPopUp,BuryCageWarAn
ClearWaitUIForms,AssetLampUIVisit
Catch,Paris
LoadFormsToALLUIFormsCatch,ScarVisitAnALLUIVisitCatch
LoadUIForm,ScarUIWish
EnterUIFormsCache,MakerUIVisitIssue
ExitUIFormsCache,LoanUIVisitIssue
Formst,Seaman
Other,Drake
EnterUIFormstToCacheHideOther,MakerUISeamanAnIssueDateDrake
EnterUIFormsCacheWaitClose,MakerUIVisitIssueLampShaft
ExitUIFormsFromCacheAndShowOther,LoanUIVisitDumbIssueHopBuryDrake
PushUIForms,CaneUIVisit
PopUIForms,WarUIVisit
InitUIFormsPathsData,NoseUIVisitWorstTine
Stack,Spell
ClearStackArray,AssetSpellWheat
GetCurrentFormStack,BuyEveningWishSpell
GetPanelByName,BuyPressOxStep
Opening,Burgeon
Panels,Pencil
GetOpeningPanels,BuyBurgeonPencil
pagechange,Sanitation
SetPageIndex,YouZincImage
SetData,YouTine
UpdateItem,ManualBark
PopItem,WarBark
PushItem,CaneBark
AddItem,NorBark
CameraLayout,TargetGrande
Stone,Crest
MovingStoneController,DampenStonePassageway
Vscroll,Concoct
UVscroll,UConcoct
AnimationController,PrimitivePassageway
CustomPrint,MobileSword
Dictionaries,Successively
MergeDictionaries,CrudeSuccessively
System,Statue
GetSystemData,BuyStatueTine
NotificationManager,SubsequentlyScratch
PoolManager,LoudScratch
Hand,Vase
Anmi,Bent
HandAnmiController,VaseBentPassageway
Guide,Drown
NewUserGuideController,DonPontDrownPassageway
NormalRewardPopController,ChoppyAdviceWarPassageway
NormalSlotController,ChoppyTunePassageway
Bridge,Annual
DataBridgeManager,TineAnnualScratch
FeverTimeManager,CraftUserScratch
GameDataManager,DramTineScratch
MainManager,HuntScratch
NewFeverTimeManager,DonCraftUserScratch
Panle,Carry
NormalPanleManager,ChoppyCarryScratch
RewardPanelManager,AdvicePressScratch
SkillManager,TreadScratch
SteelBallManager,NicheNameScratch
CoinPagodaCreater,DealCooperImagery
Collider,Autonomy
ColliderBlock,AutonomyTenon
GetPusherCollider,BuyPeriodAutonomy
PusherAnimationManager,PeriodPrimitiveScratch
PusherManager,PeriodScratch
RewardItemSaveData,AdviceBarkAutoTine
RewardItemPerfabs,AdviceBarkBombard
PusherRewardItem,PeriodAdviceBark
PusherSlotBoxCollider,PeriodTuneWedAutonomy
RemovePusherCollider,BellowPeriodAutonomy
RigidbodyPause,InfectionBulge
UnlockPagoda,UpsideCooper
SlotManager,TuneScratch
SlotObjController,TuneCryPassageway
SlotObjGroupController,TuneCryCheckPassageway
BigWinBonusPanel,AidYouPronePress
GamePanel,DramPress
Insert,Differ
Tips,Boil
InsertTips,DifferBoil
JewelryStorePanel,FaintlyNevusPress
LoadingPanel,BillionPress
LuckyCardPanel,ThankCapePress
MoreDropCoinPanel,VeinPaceDealPress
MoreRewardPanel,VeinAdvicePress
MoreSlotPanel,VeinTunePress
Skin,Fuel
NewSkinSettingPanel,DonFuelHygienePress
NormalWinBonusPanel,ChoppyYouPronePress
RateUsPanel,MailMyPress
ScratchCardPanel,CaptureCapePress
SettingPanel,HygienePress
SlotGroup,TuneCheck
Circle,Attach
CircleMask,CirclePast
Bubble,Attest
BubbleDataItem,AttestTineBark
Guidance,Imminent
GuidanceEventPenetrate,ImminentHonorMechanize
RectMaskPanel,ObeyPastPress
RectMaskPanelFirst,ObeyPastPressMoral
Model,Flier
AudioModel,GlassFlier
AudioSourceQueue,GlassHolderFlora
MusicMgr,TheirCar
Resources,Carnivore
MusicResourcesMgr,TheirCarnivoreCar
MusicType,TheirRear
Common,Vacant
CommonConfig,VacantBuckle
SaveDataManager,AutoTineScratch
Animator,Previous
FrameAnimator,SnailPrevious
Archor,Invade
Tool,Deck
ArchorTool,InvadeDeck
AutoLayout,PeruGrande
AdjustInitManager,ElicitNoseScratch
ADManager,ADScratch
CustomData,MobileTine
Ad_CustomData,On_MobileTine
RateUsManager,MailMyScratch
Center,Candid
Logic,Tribe
MessageCenterLogic,NucleusCandidTribe
MessageData,NucleusTine
CConfig,CBuckle
NetInfoMgr,BisHeadCar
Script,Decode
PostEventScript,CardHonorDecode
NetWorkGetObject,BisSlotBuyFreeze
NetWorkManager,BisSlotScratch
Task,Code
RequestTask,NeutralCode
NetWorkPostObject,BisSlotCardFreeze
ObjectPool,FreezeLoud
ObjectPoolManager,FreezeLoudScratch
Mono,Whig
Singleton,Successor
MonoSingleton,WhigSuccessor
ToastManager,ThoseScratch
View,Lobe
ScrollViewContentLayout,InfantLobeTopsoilGrande
Util,Skin
CommonUtil,VacantSkin
DateUtil,CoalSkin
NumberUtil,PartlySkin
RandomUtil,DoctorSkin
StringUtil,LaunchSkin
FlyBoxController,WebWedPassageway
FlyScript,WebDecode
PlayImageAnimation,ExamParisPrimitive
JewelryObjController,FaintlyCryPassageway
LuckyCardController,ThankCapePassageway
ScratchObjController,CaptureCryPassageway
BallCreater,NameImagery
ColumnItem,SawyerBark
ColumnManager,SawyerScratch
Cubeitem,Folklore
PlinkoCoinCreater,HolderDealImagery
PlinkoManager,HolderScratch
AdjustTestPanel,ElicitFolkPress
AdManagerTestPanel,OnScratchFolkPress
ConfigManagerByJson,BuckleScratchOxOnto
KeyValuesInfo,SodIndiumHead
KeyValuesNode,SodIndiumTell
Sys,Hut
Define,Cosmos
SysDefine,HutCosmos
Trigger,Archaic
EventTriggerListener,HonorArchaicSubtlety
MessageCenter,NucleusCandid
KeyValuesUpdate,SodIndiumManual
Anlysis,Clarify
Exception,Shorebird
JsonAnlysisException,OntoClarifyShorebird
ResourcesMgr,CarnivoreCar
UIMaskMgr,UIPastCar
Helper,Unfair
UnityHelper,RoundUnfair
LauguageMgr,SicknessCar
BaseUIForms,ForkUIVisit
UIManager,UIScratch
UIType,UIRear
Control,Inherit
MaskControl,PastInherit
PageView,ZincLobe
ScrollView,InfantLobe
UI,UI
UI_Btn,UI_Oak
Buy,Off
BuyCoinBG,OffDealBG
UI_BuyCoinBG,UI_OffDealBG
UI_Coin,UI_Deal
UI_BG_1,UI_BG_1
UI_BG_2,UI_BG_2
UI_BG_3,UI_BG_3
UI_BG_4,UI_BG_4
green,Grama
l,l
UI_Btn_green_l,UI_Oak_Grama_l
UI_Btn_green_m,UI_Oak_Grama_m
s,s
UI_Btn_green_s,UI_Oak_Grama_s
UI_Btn_yellow_l,UI_Oak_Alaska_l
UI_Btn_yellow_m,UI_Oak_Alaska_m
UI_Btn_yellow_s,UI_Oak_Alaska_s
CloseBtn,ShaftOak
UI_CloseBtn,UI_ShaftOak
UI_Hand,UI_Vase
Movie,Erect
UI_Movie,UI_Erect
feverFX,RarerFX
feverFX_1,RarerFX_1
feverFX_2,RarerFX_2
feverFX_3,RarerFX_3
feverFX_4,RarerFX_4
feverFX_5,RarerFX_5
feverFX_6,RarerFX_6
feverFX_7,RarerFX_7
feverFX_8,RarerFX_8
feverFX_9,RarerFX_9
fever_1,Rarer_1
Bubble_Open_1,Attest_Gibe_1
Bubble_Open_2,Attest_Gibe_2
Bubble_Open_3,Attest_Gibe_3
Bubble_Open_4,Attest_Gibe_4
Bubble_Open_5,Attest_Gibe_5
Bubble_Open_6,Attest_Gibe_6
Bubble_Open_7,Attest_Gibe_7
Bubble_Open_8,Attest_Gibe_8
UI_Pop,UI_War
PopBox,WarWed
UI_PopBox,UI_WarWed
Atlas,Above
Pirate,Abound
Atlas_Pirate,Above_Abound
cardglow,Darkness
cardglow06,Darkness06
Circle01,Attach01
Circle02,Attach02
Circle03,Attach03
Purple,Emboss
Circle1_Purple,Attach1_Emboss
boke,Bead
circle_boke01,Rarefy_Bead01
soft,Taro
circle_soft02 1,Rarefy_Taro02 1
circle_soft02,Rarefy_Taro02
circle_soft03 1,Rarefy_Taro03 1
circle_soft03,Rarefy_Taro03
Cirlce,Purely
Cirlce_Purple,Purely_Emboss
cloud,Twice
cloud02,Twice02
hard,Weak
softshadow,Unforeseen
cloud_2x2_hard_softshadow,Twice_2x2_Weak_Unforeseen
cloud_2x2_soft,Twice_2x2_Taro
confetti,Gatherer
dd,We
b,b
f,f
c,c
da,We
e,e
de,We
a,a
Ry,We
Gu,We
TRyGu,TWeWe
fw,We
dd0b68f67c23b3da08e688e4513de21092981b992a883-4TRyGu_fw1200_3,We0b68f67c23b3We08e688e4513We21092981b992a883-4TWeWe_We1200_3
Effects,Crudely
Effects_Circle,Crudely_Attach
Glow,Toll
Effects_Glow,Crudely_Toll
GlowCircle,TollAttach
Effects_GlowCircle,Crudely_TollAttach
explosion,Engraving
spritesheet,Ectothermic
explosion_spritesheet_3x3,Engraving_Ectothermic_3x3
flare,Forge
flare01,Forge01
flare03,Forge03
Flare,Court
Flare_Circle_Purple,Court_Attach_Emboss
Flare_Horizontal_Purple,Court_Accelerate_Emboss
BOX,BOX
Yellow,Rancho
Flare_Open_BOX_Yellow,Court_Gibe_BOX_Rancho
fondo,Blend
glow,Oval
glow1,Oval1
gradient,Songbird
horizontal,Starvation
gradient_horizontal 1,Songbird_Starvation 1
gradient_horizontal,Songbird_Starvation
vertical,Filament
gradient_vertical,Songbird_Filament
IconFX,RookFX
Sheet,Irony
IconFX8_Sheet_Yellow,RookFX8_Irony_Rancho
Item_FX_1_Yellow 1,Bark_FX_1_Rancho 1
Item_FX_2_Yellow,Bark_FX_2_Rancho
Item_FX_5_Yellow,Bark_FX_5_Rancho
lightray,Humorous
lightray2,Humorous2
magic,Vogue
blast,Vogue
magic_blast,Vogue_Vogue
line,Chew
magic_line,Vogue_Chew
orb,Pin
magic_orb2,Vogue_Pin2
Ray,Far
Ray01,Far01
ring,Whig
ring02,Whig02
sickle,Walnut
sickle06 1,Walnut06 1
sickle06,Walnut06
slotBG,WindBG
slotBG_3,WindBG_3
slotBG_4,WindBG_4
sparkle,Wealthy
Spark,Timid
Spark_02,Timid_02
Spark_Purple,Timid_Emboss
spikes,Rancho
spikes03,Rancho03
Star01,Oven01
TextureWorld,AngularSixth
T,T
VFX,VFX
Gradient,Contrary
T_VFX_Gradient_01,T_VFX_Contrary_01
LUT,LUT
Rainbow,Glimpse
T_VFX_LUT_Rainbow_01,T_VFX_LUT_Glimpse_01
Part,Cite
T_VFX_Part_01,T_VFX_Cite_01
T_VFX_Part_02,T_VFX_Cite_02
T_VFX_Part_04,T_VFX_Cite_04
Ring,Lift
T_VFX_Ring_01,T_VFX_Lift_01
T_VFX_Ring_02,T_VFX_Lift_02
T_VFX_Ring_03,T_VFX_Lift_03
T_VFX_Star_01,T_VFX_Oven_01
T_VFX_Star_02,T_VFX_Oven_02
Dengdai,Dryness
UI_Dengdai,UI_Dryness
Fx,ID
FxGoldIcon,IDStirRook
UI_FxGoldIcon,UI_IDStirRook
wave,Norm
wave3,Norm3
NewSkinFeverBg,DonFuelCraftGo
NewSkinFeverIcon,DonFuelCraftRook
Progre,Should
NewSkinFeverProgre,DonFuelCraftShould
Am,By
UI_Am,UI_By
UI_Ball,UI_Name
UI_Cash,UI_Gust
Cebian,Sticky
UI_Cebian_1,UI_Sticky_1
UI_Cebian_2,UI_Sticky_2
UI_Cebian_3,UI_Sticky_3
UI_Cebian_4,UI_Sticky_4
UI_Cebian_Coin,UI_Sticky_Deal
Di,My
UI_Cebian_Di,UI_Sticky_My
common,Inward
UI_common,UI_Inward
UI_Fever,UI_Craft
FeverProgress,CraftEmigrant
UI_FeverProgress,UI_CraftEmigrant
FeverProgressBG,CraftEmigrantBG
UI_FeverProgressBG,UI_CraftEmigrantBG
GoldBarBG,StirIcyBG
UI_GoldBarBG,UI_StirIcyBG
NewSkinCoin,DonFuelDeal
UI_NewSkinCoin,UI_DonFuelDeal
NewSkinStar,DonFuelOven
UI_NewSkinStar,UI_DonFuelOven
UI_Set,UI_You
SettingBtn,HygieneOak
UI_SettingBtn,UI_HygieneOak
UI_star,UI_Weft
UI_Time,UI_User
TimeCash,UserGust
UI_TimeCash,UI_UserGust
TopBar,CarIcy
UI_TopBar,UI_CarIcy
Zuanshi,Monitor
Shop,Mote
ZuanshiShop,MonitorMote
UI_ZuanshiShop,UI_MonitorMote
AM,AM
UI_AM_s,UI_AM_s
UI_Cash_s,UI_Gust_s
UI_Coin_s,UI_Deal_s
d,d
UI_common_d,UI_Inward_d
UI_Progress,UI_Emigrant
ProgressBG,EmigrantBG
UI_ProgressBG,UI_EmigrantBG
UI_star_s,UI_Weft_s
Z,Z
UI_Z_1,UI_Z_1
UI_Z_2,UI_Z_2
UI_Z_3,UI_Z_3
UI_Z_5,UI_Z_5
PopBG,WarBG
UI_PopBG,UI_WarBG
UI_PopBG_1,UI_WarBG_1
loading,Initial
loadingBG,InitialBG
UI_loadingBG,UI_InitialBG
LoadingIcon,BillionRook
UI_LoadingIcon,UI_BillionRook
LoadingProgress,BillionEmigrant
UI_LoadingProgress,UI_BillionEmigrant
LoadingProgressBG,BillionEmigrantBG
UI_LoadingProgressBG,UI_BillionEmigrantBG
NewSkinLoadingBG,DonFuelBillionBG
UI_NewSkinLoadingBG,UI_DonFuelBillionBG
NewSkinLoadingProgress,DonFuelBillionEmigrant
UI_NewSkinLoadingProgress,UI_DonFuelBillionEmigrant
NewSkinLoadingProgressBG,DonFuelBillionEmigrantBG
UI_NewSkinLoadingProgressBG,UI_DonFuelBillionEmigrantBG
Title,Ample
NewSkinTitle,DonFuelAmple
UI_NewSkinTitle,UI_DonFuelAmple
UI_Card_1,UI_Cape_1
UI_Card_2,UI_Cape_2
UI_Card_3,UI_Cape_3
UI_Card_Back,UI_Cape_Rely
Balls,Strip
UI_Balls,UI_Strip
Lao,Wax
Hu,Up
Ji,Up
LaoHuJi,WaxUpUp
UI_LaoHuJi,UI_WaxUpUp
UI_Hand_Ani_1,UI_Vase_Owe_1
UI_Hand_Ani_2,UI_Vase_Owe_2
UI_Hand_Ani_3,UI_Vase_Owe_3
UI_Hand_Ani_4,UI_Vase_Owe_4
UI_Hand_Ani_5,UI_Vase_Owe_5
UI_Hand_Ani_6,UI_Vase_Owe_6
UI_Hand_Ani_7,UI_Vase_Owe_7
UI_Hand_Ani_8,UI_Vase_Owe_8
UI_Hand_Ani_9,UI_Vase_Owe_9
NewPlayTextBG,DonExamAfarBG
UI_NewPlayTextBG,UI_DonExamAfarBG
UI_Off,UI_Egg
UI_On,UI_No
SetIcon,YouRook
UI_SetIcon_1,UI_YouRook_1
UI_SetIcon_2,UI_YouRook_2
UI_SetIcon_3,UI_YouRook_3
SettingBG,HygieneBG
UI_SettingBG,UI_HygieneBG
LevelPopStar,SpineWarOven
UI_LevelPopStar,UI_SpineWarOven
LevelPopStarBG,SpineWarOvenBG
UI_LevelPopStarBG,UI_SpineWarOvenBG
CashRoll,GustDeny
UI_CashRoll,UI_GustDeny
n,n
UI_CashRoll_n,UI_GustDeny_n
JL,JL
UI_JL_Am,UI_JL_By
UI_JL_Cash,UI_JL_Gust
UI_JL_Cash_Star,UI_JL_Gust_Oven
UI_JL_Coin,UI_JL_Deal
UI_JL_star,UI_JL_Weft
JZ,JZ
UI_JZ_Am,UI_JZ_By
UI_JZ_Cash,UI_JZ_Gust
UI_JZ_Cash_Star,UI_JZ_Gust_Oven
UI_JZ_Coin,UI_JZ_Deal
bar,Sod
UI_Win_bar,UI_You_Sod
Guagua,Gather
UI_Guagua,UI_Gather
GuaguaAm,GatherBy
UI_GuaguaAm,UI_GatherBy
GuaguaAmZ,GatherByZ
UI_GuaguaAmZ,UI_GatherByZ
GuaguaCash,GatherGust
UI_GuaguaCash,UI_GatherGust
GuaguaCoin,GatherDeal
UI_GuaguaCoin,UI_GatherDeal
GuaguaP,GatherP
UI_GuaguaP,UI_GatherP
GuaguaR,GatherR
UI_GuaguaR,UI_GatherR
GuaguaStar,GatherOven
UI_GuaguaStar,UI_GatherOven
UI_Guagua_BG,UI_Gather_BG
UI_Guagua￥,UI_Gather￥
Gua,Cud
Quan,Deer
GuaQuan,CudDeer
UI_GuaQuan,UI_CudDeer
WinGuagua,YouGather
dimian,Govern
UI_WinGuagua_dimian,UI_YouGather_Govern
You,Wan
YouGuagua,WanGather
UI_YouGuagua_dimian,UI_WanGather_Govern
PopCardBG,WarCapeBG
UI_PopCardBG,UI_WarCapeBG
SlotCard,TuneCape
UI_SlotCard,UI_TuneCape
SlotPop,TuneWar
UI_SlotPop,UI_TuneWar
SlotPopBG,TuneWarBG
UI_SlotPopBG,UI_TuneWarBG
UI_7,UI_7
UI_Gold,UI_Stir
LH,LH
BigCoin,AidDeal
UI_LH_BigCoin,UI_LH_AidDeal
UI_Long,UI_Keep
UI_Up,UI_An
Zuan,Melt
Shi,Lot
ZuanShi,MeltLot
UI_ZuanShi,UI_MeltLot
UI_ZuanShi_Blue,UI_MeltLot_Scam
UI_ZuanShi_Yellow,UI_MeltLot_Rancho
adf,Six
be,Ox
aefa,Soon
ead,Six
adf563d3be294aefa770634530d12ead,Six563d3Ox294Soon770634530d12Six
Arrow_1,Badly_1
diego,Flair
silva,Flair
stylizedbrick,Fortification
diego-silva-stylizedbrick-01,Flair-Flair-Fortification-01
icon,Your
Matcao,Junior
Matcao1,Junior1
Matcao2,Junior2
Matcao3,Junior3
Matcao4,Junior4
Mat,Wan
Cap,Wan
MatCap,WanWan
MatCap_1,WanWan_1
matcap,Summit
crystal,Suggest
matcap_crystal2,Summit_Suggest2
glass,Penal
matcap_glass,Summit_Penal
slotBG_1,WindBG_1
slotBG_2,WindBG_2
slotBG_5,WindBG_5
Tex_1,Who_1
Tex_11,Who_11
Tex_12,Who_12
Tex_13,Who_13
Tex_14,Who_14
Tex_15,Who_15
Tex_16,Who_16
Tex_17,Who_17
Tex_18,Who_18
Tex_19,Who_19
Tex_2,Who_2
Tex_3,Who_3
Tex_4,Who_4
Tex_5,Who_5
Tex_6,Who_6
Tex_7,Who_7
Tex_9,Who_9
Tex_Cash_1,Who_Gust_1
Tex_Cash_10,Who_Gust_10
Tex_Cash_100,Who_Gust_100
Tex_Cash_200,Who_Gust_200
Tex_Cash_5,Who_Gust_5
Tex_Cash_50,Who_Gust_50
Tex_Cash_500,Who_Gust_500
Tex_Gold,Who_Stir
Tex_Gold_1,Who_Stir_1
Tex_Gold_10,Who_Stir_10
Tex_Gold_100,Who_Stir_100
Tex_Gold_200,Who_Stir_200
Tex_Gold_5,Who_Stir_5
Tex_Gold_50,Who_Stir_50
Tex_Gold_500,Who_Stir_500
Tex_NewSkinCoin,Who_DonFuelDeal
G,G
UI_G01,UI_G01
Pingtai,Loyalty
UI_Pingtai,UI_Loyalty
TopBarBall,CarIcyName
UI_TopBarBall,UI_CarIcyName
x1,x1
x10,x10
x15,x15
x2,x2
x20,x20
x3,x3
x5,x5
x8,x8
SoundOff,AllowEgg
UI_SoundOff,UI_AllowEgg
SoundOn,AllowNo
UI_SoundOn,UI_AllowNo
Sound_PopShow,Allow_WarBury
Coins,Storm
Coins 06,Storm 06
bag,Win
gemstone,Verbally
coin_bag_ring_gemstone_item_01,Spar_Win_Whig_Verbally_Slat_01
coin_bag_ring_gemstone_item_02,Spar_Win_Whig_Verbally_Slat_02
coin_bag_ring_gemstone_item_03,Spar_Win_Whig_Verbally_Slat_03
coin_bag_ring_gemstone_item_04,Spar_Win_Whig_Verbally_Slat_04
coin_bag_ring_gemstone_item_05,Spar_Win_Whig_Verbally_Slat_05
coin_bag_ring_gemstone_item_06,Spar_Win_Whig_Verbally_Slat_06
coin_bag_ring_gemstone_item_07,Spar_Win_Whig_Verbally_Slat_07
coin_bag_ring_gemstone_item_08,Spar_Win_Whig_Verbally_Slat_08
coin_bag_ring_gemstone_item_09,Spar_Win_Whig_Verbally_Slat_09
coin_bag_ring_gemstone_item_10,Spar_Win_Whig_Verbally_Slat_10
coin_bag_ring_gemstone_item_11,Spar_Win_Whig_Verbally_Slat_11
coin_bag_ring_gemstone_item_12,Spar_Win_Whig_Verbally_Slat_12
coin_bag_ring_gemstone_item_13,Spar_Win_Whig_Verbally_Slat_13
coin_bag_ring_gemstone_item_14,Spar_Win_Whig_Verbally_Slat_14
coin_bag_ring_gemstone_item_15,Spar_Win_Whig_Verbally_Slat_15
GetCoin,BuyDeal
Sound_BGM,Allow_BGM
bomb,Rent
sound_column_bomb,Disco_Galaxy_Rent
sound_column_normal,Disco_Galaxy_Weaken
sound_drop_ball,Disco_Wold_Soil
enter,Mason
sound_enter_box,Disco_Mason_Fox
getReward,LeoAdvice
sound_getReward,Disco_LeoAdvice
setcolumn,Potential
sound_slot_setcolumn,Disco_Wind_Potential
bgm,Rod
sound_bgm,Disco_Rod
open,Peak
sound_bigwin1_open,Disco_Intent1_Peak
wheel,Brand
sound_bigwin1_wheel,Disco_Intent1_Brand
sound_bigwin2_open,Disco_Intent2_Peak
allbox,Prompt
sound_enter_allbox,Disco_Mason_Prompt
sound_fever_bgm,Disco_Rarer_Rod
Sound_GoldCoin,Allow_StirDeal
Arm,Sew
Bandit,Sector
OneArmBandit,RawSewSector
Sound_OneArmBandit,Allow_RawSewSector
sound_scratch_reward,Disco_Impinge_Burrow
slotwheel,Deprecate
sound_slotwheel_rotate,Disco_Deprecate_Bustle
sound_slotwheel_stop,Disco_Deprecate_Sign
sound_slot_777,Disco_Wind_777
sound_slot_reward,Disco_Wind_Burrow
UIButton,UIDivide
Sound_UIButton,Allow_UIDivide
Ship,Jazz
Card_1,Cape_1
Card_2,Cape_2
CashCoin,GustDeal
CashCoin_1,GustDeal_1
CashCoin_10,GustDeal_10
CashCoin_100,GustDeal_100
CashCoin_200,GustDeal_200
CashCoin_5,GustDeal_5
CashCoin_50,GustDeal_50
CashCoin_500,GustDeal_500
GoldCoin_1,StirDeal_1
GoldCoin_10,StirDeal_10
GoldCoin_100,StirDeal_100
GoldCoin_200,StirDeal_200
GoldCoin_5,StirDeal_5
GoldCoin_50,StirDeal_50
GoldCoin_500,StirDeal_500
GoldCoin_apple,StirDeal_Olive
RewardItem,AdviceBark
RollCash,DenyGust
BaseSlotObj,ForkTuneCry
BoxItem,WedBark
FlyObj,WebCry
FX_777,FX_777
FX_Fever,FX_Craft
FX_Group,FX_Check
JewelryObj,FaintlyCry
LightGroup,BasinCheck
LuckyCard,ThankCape
NormalRewardPop,ChoppyAdviceWar
PusherGroup,PeriodCheck
ScratchObj,CaptureCry
SlotBG,TuneBG
SlotBG 1,TuneBG 1
HandAnim,VaseBall
CashOutPanel,GustHubPress
NewSkinGamePanel,DonFuelDramPress
NewSkinGetCoinPanel,DonFuelBuyDealPress
ServerData,ShrinkTine
IConfigManager,IBuckleScratch
Manger,Unable
UIManger,UIUnable
Particle,Theropod
UIParticleSystem,UITheropodStatue
GameDict,DramMelt

